bug.id,revision.id.buggy,revision.id.fixed,report.id,report.url
1,2353d807058bc2a20af279a480d6652cdf892f4d,1dfad5043a207e032a78ef50c3cba50488bcd300,253,https://storage.googleapis.com/google-code-archive/v2/code.google.com/closure-compiler/issues/issue-253.json
2,61095090415cff7cae4f3645fa76ee7cdd3ee23d,d1cfe67977d8f3aaa85ec20c262171da394d5977,884,https://storage.googleapis.com/google-code-archive/v2/code.google.com/closure-compiler/issues/issue-884.json
4,1c95684b4a6add525b3070cbd27c234981520676,efefb736fccc2039b5fb079710b3f2ac82b8c6e4,873,https://storage.googleapis.com/google-code-archive/v2/code.google.com/closure-compiler/issues/issue-873.json
5,722d1192e7ed174a12911dce09594228e31240e9,59eec92e364b2ec2cec9dd63449f5c0134983f18,851,https://storage.googleapis.com/google-code-archive/v2/code.google.com/closure-compiler/issues/issue-851.json
7,d93f2d5aaf346749eaa6ae1641a171aeb177de5d,e736b1c92981fafdc87f3f41f66918305f173734,841,https://storage.googleapis.com/google-code-archive/v2/code.google.com/closure-compiler/issues/issue-841.json
10,f681fd8045bfa4a41f3a66c942b97fb04335b7cc,0884a4cbef1c82153ef306477a12af0480385a35,821,https://storage.googleapis.com/google-code-archive/v2/code.google.com/closure-compiler/issues/issue-821.json
11,bbf1b138e20a36ca79b2a012ae145c943929a6dd,482b767639e6eec7c30d8898851560c41b66d885,810,https://storage.googleapis.com/google-code-archive/v2/code.google.com/closure-compiler/issues/issue-810.json
12,919fda930ca242e2d1490e6413b601c8bad701b4,d06ac163013a3779fcec7c2f544ba99d08f69f58,794,https://storage.googleapis.com/google-code-archive/v2/code.google.com/closure-compiler/issues/issue-794.json
13,8b8c01a39b94069a9dac08b92c27dc9b9532ff7f,d6d733f461ee5ba26e9326c1c7609f1f00d6d2db,787,https://storage.googleapis.com/google-code-archive/v2/code.google.com/closure-compiler/issues/issue-787.json
14,b7c2861bf45b358b26ebc5ee1be9b6ce96bec78a,4b15b25f400335b6e2820cb690430324748372f9,779,https://storage.googleapis.com/google-code-archive/v2/code.google.com/closure-compiler/issues/issue-779.json
15,f9fbad23b8fb59464e395c164197750abb5db296,968b3f467f51c6bfec18af1fbcf980a0f19a1fb3,773,https://storage.googleapis.com/google-code-archive/v2/code.google.com/closure-compiler/issues/issue-773.json
17,e5e1253ac6d43e26271cc658a42fdb1477454faf,33ab4df84afbdb36216b8a1ea3a526c438615e26,688,https://storage.googleapis.com/google-code-archive/v2/code.google.com/closure-compiler/issues/issue-688.json
18,686146c4de7d2bd985156ae15175365633dd0f94,ea119a2d06328852763f9ee447c3bf74fa1f83dc,768,https://storage.googleapis.com/google-code-archive/v2/code.google.com/closure-compiler/issues/issue-768.json
19,8d91f37d29abd8682e298a23f63b96f2f2def659,686146c4de7d2bd985156ae15175365633dd0f94,769,https://storage.googleapis.com/google-code-archive/v2/code.google.com/closure-compiler/issues/issue-769.json
20,7e98b9c9511d197ed572b73214814ccb546a4b78,ebf229b05f4ee71bc05d70830f5dd5683271d661,759,https://storage.googleapis.com/google-code-archive/v2/code.google.com/closure-compiler/issues/issue-759.json
21,a9250a5aac439a72f71c248de07f042674fb2076,1787d7b2cff83a0f177dd958033c53e4502406d2,753,https://storage.googleapis.com/google-code-archive/v2/code.google.com/closure-compiler/issues/issue-753.json
22,c8e5f7acc524fe629f73876acfb463619a02f34b,43a55234ef122a1ed98681ce0350506207b878d5,753,https://storage.googleapis.com/google-code-archive/v2/code.google.com/closure-compiler/issues/issue-753.json
23,30a88df811879f5d389f56257c93ab5f740a0518,b59cdd9e2dc64d2db86b90982c200a78f2f85e50,747,https://storage.googleapis.com/google-code-archive/v2/code.google.com/closure-compiler/issues/issue-747.json
24,59aac0b247db74ec7047132f368953935edd81b8,70ca6014779735bdc52ca0e80e528257829a15e7,737,https://storage.googleapis.com/google-code-archive/v2/code.google.com/closure-compiler/issues/issue-737.json
25,372eb11e44b8559004bfe78a5b4003caf0072135,2e904fcdc3bc09e3bff557fcfca383ba7e450095,729,https://storage.googleapis.com/google-code-archive/v2/code.google.com/closure-compiler/issues/issue-729.json
29,3587cc3bb550dadee3c9aeac44041aa29087e74e,6924915efab89f921fd0779fe200fecc1bf80847,724,https://storage.googleapis.com/google-code-archive/v2/code.google.com/closure-compiler/issues/issue-724.json
31,82dd7814fd865ac31435cd239cb61c531900bd03,0a670cb51fd56c12c19f98884c9513792ebc3f76,703,https://storage.googleapis.com/google-code-archive/v2/code.google.com/closure-compiler/issues/issue-703.json
32,116e0d5aea0f0f968a6d2ea4e085930331919752,66c8c695fd8130e3ede6f77c6e5cc1ec96a0e9b3,701,https://storage.googleapis.com/google-code-archive/v2/code.google.com/closure-compiler/issues/issue-701.json
33,24c113d396a1c3e175bf70fe572b496ff7a68144,382422adae8e9f07fc23c94089c0ebe08a2174bc,700,https://storage.googleapis.com/google-code-archive/v2/code.google.com/closure-compiler/issues/issue-700.json
35,7e3e1a667c866458cca12b7ade9965b4e6ddf3c0,22784dc96c391b01692ce686eb93b9aa0ef74ede,669,https://storage.googleapis.com/google-code-archive/v2/code.google.com/closure-compiler/issues/issue-669.json
36,c5ec81dc0b6aaaefcdfd84ee10e43f3312350d23,be397ee0d0be2aad8f71d12f097b17563866445a,668,https://storage.googleapis.com/google-code-archive/v2/code.google.com/closure-compiler/issues/issue-668.json
38,f067d0e1d84d631ec0c1e8e8cd812bbda1497958,8cf08115c6b252f8c6b54348a4089dccc45a01fb,657,https://storage.googleapis.com/google-code-archive/v2/code.google.com/closure-compiler/issues/issue-657.json
39,9a40e654ee3aa65d01671e4da63f292d2e4e03c0,d577973fb378dfe0d05991ec0dfa6c1f40e574ee,643,https://storage.googleapis.com/google-code-archive/v2/code.google.com/closure-compiler/issues/issue-643.json
40,a90f4b4fba37c52376d5f074729233d59ce08408,6ebc0c3d7d4da7d2cf95f53d4ea790e89d3abc7a,284,https://storage.googleapis.com/google-code-archive/v2/code.google.com/closure-compiler/issues/issue-284.json
42,f74939a64a205d89721383c24874fe4e41439cfd,fb01427a445ebfeb3af5e220a98ccaced339b73e,644,https://storage.googleapis.com/google-code-archive/v2/code.google.com/closure-compiler/issues/issue-644.json
44,3e66c9c827308d2f549a16440e3f0ef7fd844e04,64bb2291f9a9bbab67d865dffe603f8a0df8ef30,620,https://storage.googleapis.com/google-code-archive/v2/code.google.com/closure-compiler/issues/issue-620.json
48,5524adbda991632656059566b69cc2771ba42b7d,46da17d59abb4f9c48b6ffd31601c212490b970b,586,https://storage.googleapis.com/google-code-archive/v2/code.google.com/closure-compiler/issues/issue-586.json
50,9d3ed3fb128d2378e76f65e15bc45783eaf4cd57,c3b630fc9c2a1c4eb7cb718f8d324bfb306cb9df,558,https://storage.googleapis.com/google-code-archive/v2/code.google.com/closure-compiler/issues/issue-558.json
51,44c2d71195e5c4a3ded0ef2b2e593cabdeeec08b,a02241e5df48e44e23dc0e66dbef3fdc3c91eb3e,582,https://storage.googleapis.com/google-code-archive/v2/code.google.com/closure-compiler/issues/issue-582.json
52,d79072969c2f31860ea1f55e392a146c49bc2d0f,5909c3db59b16886917456ab950ef9661a7fe6b1,569,https://storage.googleapis.com/google-code-archive/v2/code.google.com/closure-compiler/issues/issue-569.json
53,4adf024b5eb87f6b760b40e9923ed1391bca4152,9959716b01fc5231ae68bc7a24454ce45d341606,545,https://storage.googleapis.com/google-code-archive/v2/code.google.com/closure-compiler/issues/issue-545.json
55,1d13eac7441b980804c7ddfbe48a10a2ec3431d0,f2c0cb1f67ecb3315c0cb11326c9cb04db07ee8a,538,https://storage.googleapis.com/google-code-archive/v2/code.google.com/closure-compiler/issues/issue-538.json
56,f791e3a7a172728b54a337c94bff4bc27c7adc43,9e921fa973c603473f745fff76c44620fd7719e3,511,https://storage.googleapis.com/google-code-archive/v2/code.google.com/closure-compiler/issues/issue-511.json
57,2d3b9a6c591ef14e8c9208a3f049a1630c993d84,f759f431d5a7a2261b44440bca9cfab93ae25302,530,https://storage.googleapis.com/google-code-archive/v2/code.google.com/closure-compiler/issues/issue-530.json
58,7876ab2f80475ead7eb239dda7f65348c5cb7bdb,f640b5dec722422c93a9a624cd21d30b5e321858,528,https://storage.googleapis.com/google-code-archive/v2/code.google.com/closure-compiler/issues/issue-528.json
59,5331b915cf55e8d5f030b6cc62487757cfe50cd6,49b4ef31c850611a5c85d95140b4cedda7f4c59a,521,https://storage.googleapis.com/google-code-archive/v2/code.google.com/closure-compiler/issues/issue-521.json
61,bac71221414f7f42d31d3634c935c2ae1a940376,34e4616a924bf272c076039e143e20f1d792731e,501,https://storage.googleapis.com/google-code-archive/v2/code.google.com/closure-compiler/issues/issue-501.json
62,1e07047234938543ea364f68ec0f29686dbc12f1,b12d1d6489329c989b15635f6f7f06681b3f6582,487,https://storage.googleapis.com/google-code-archive/v2/code.google.com/closure-compiler/issues/issue-487.json
65,9465f9139201814dc532adc33fe44a169a101937,48aea0ff7d027507362007415963a4b662fb10a7,486,https://storage.googleapis.com/google-code-archive/v2/code.google.com/closure-compiler/issues/issue-486.json
66,984bce0d9f36b0a21a0f9b51dc68fca0175aa1c8,59a30b48325cccadabae8687fdf603d72e26c157,482,https://storage.googleapis.com/google-code-archive/v2/code.google.com/closure-compiler/issues/issue-482.json
67,8777edb959dfea307495e667c2c01834adabb906,aa89d05b48332d68b8e6ebcee427b2ac3b4e3184,459,https://storage.googleapis.com/google-code-archive/v2/code.google.com/closure-compiler/issues/issue-459.json
69,036f2173d91679c7c914da196761c0f7d05e5389,63df133d0850805818d1e280ba47dcefc9763c89,440,https://storage.googleapis.com/google-code-archive/v2/code.google.com/closure-compiler/issues/issue-440.json
70,7433d30ac4cb2334d22e66299846118686efe939,ec4a34c2bd87ba54fa8770affdeeea4f3c42089b,433,https://storage.googleapis.com/google-code-archive/v2/code.google.com/closure-compiler/issues/issue-433.json
71,c498ecb791f2dd8a1b37e74f94c1c119549607bc,db1fdf97454a6e4ff2d29cab5f1ef2273b54c0b4,254,https://storage.googleapis.com/google-code-archive/v2/code.google.com/closure-compiler/issues/issue-254.json
73,760bded3242093d86611a82e81fdca302a1487f1,ee8344091722c28c9351e78dcb4155fbfddfd1af,416,https://storage.googleapis.com/google-code-archive/v2/code.google.com/closure-compiler/issues/issue-416.json
77,25827942ba9d45825dfd92faa37a78dbc9034ad0,b88400ce0e9c1a0dadfd3417c256b02a82f38fe1,383,https://storage.googleapis.com/google-code-archive/v2/code.google.com/closure-compiler/issues/issue-383.json
78,b40c6c7e0e323f1b69fe7f9686ed8f763b01faf8,25829b0395164533782d608399096803321225a7,381,https://storage.googleapis.com/google-code-archive/v2/code.google.com/closure-compiler/issues/issue-381.json
81,a65a72e9dd320790710beed1593dd6358c4bf029,084b868bc2fbf9d6d0319e5a362ade1d7f43f899,251,https://storage.googleapis.com/google-code-archive/v2/code.google.com/closure-compiler/issues/issue-251.json
82,1a7fbd18b47c102152869c3b046b65ff0f12fc43,a857aec27d79fc234fddd4a72c1215af0251b2d8,301,https://storage.googleapis.com/google-code-archive/v2/code.google.com/closure-compiler/issues/issue-301.json
83,840ddca5b28cea7563a5be20d2624478af67bc02,43c245f0ff8d409e81e25687e69d34666b7cf26a,319,https://storage.googleapis.com/google-code-archive/v2/code.google.com/closure-compiler/issues/issue-319.json
86,5cd9c1efe90dc7c1be33cd7f8c1dcbaa9225909e,0907b6618a60b2de23c8f7ec2217a37dc5e9a091,303,https://storage.googleapis.com/google-code-archive/v2/code.google.com/closure-compiler/issues/issue-303.json
87,e9f7e6114414f68deb90f4116861d7a054365404,f64a3f51bd346547ce6e1edb30601df73dff27d9,291,https://storage.googleapis.com/google-code-archive/v2/code.google.com/closure-compiler/issues/issue-291.json
88,d68322323aa52d943b9dc5618ef8ea81d43d7b4f,6a17da87f9e132bdc147b33223826da040c77a6b,297,https://storage.googleapis.com/google-code-archive/v2/code.google.com/closure-compiler/issues/issue-297.json
91,8eee751ff9f460c4a769d598c65b1cd643dabc7b,7eb2d84de101a125d41d3a1157f4eed789ca4a0d,248,https://storage.googleapis.com/google-code-archive/v2/code.google.com/closure-compiler/issues/issue-248.json
92,39dde4ca5df6263d7058029e081a710d7fa13de9,8980b60033b1c6853cbca593ec89d3d332adf7dc,261,https://storage.googleapis.com/google-code-archive/v2/code.google.com/closure-compiler/issues/issue-261.json
94,9d72612f028076aa43a9b259c29b2a940398465f,7cc748592670105f9d783b1b85f0f27e938db4ff,255,https://storage.googleapis.com/google-code-archive/v2/code.google.com/closure-compiler/issues/issue-255.json
95,f93cdf97ea803c4702023daf1326dc45172de611,f6607996d6d3bd6820ce3848d147991b27600a12,66,https://storage.googleapis.com/google-code-archive/v2/code.google.com/closure-compiler/issues/issue-66.json
96,b9bc1534921f1e98da5a373e39ea2d71a4a39175,807aaf2569e9eb09761068c5aeb95654daea30d9,229,https://storage.googleapis.com/google-code-archive/v2/code.google.com/closure-compiler/issues/issue-229.json
97,4cf197f69d8733ac68b02672b2e23d7939e5eb76,ee749e286b477f8d6f53ff5960a38453baf50f31,200,https://storage.googleapis.com/google-code-archive/v2/code.google.com/closure-compiler/issues/issue-200.json
99,ccbbcbf71b1cb8771c9cdad1d28b367ce6ea0da2,8aa879a4eeb18cfc8d13e6c843a32b7f41ccd516,125,https://storage.googleapis.com/google-code-archive/v2/code.google.com/closure-compiler/issues/issue-125.json
101,2d892b164f41c053de4d56e424f0815576c6dc54,369282db85567f1bf2c9635d0c0043d47f114814,130,https://storage.googleapis.com/google-code-archive/v2/code.google.com/closure-compiler/issues/issue-130.json
102,9a1ddf5f982e54ecbc3e028dfa84ef9bd07a8044,d48c365ba8251057a71a2e2b7aabff640209e31b,115,https://storage.googleapis.com/google-code-archive/v2/code.google.com/closure-compiler/issues/issue-115.json
104,1be1c2636ef14071afa7da5cb8988972bd90149f,67289ae4cbaba3ae70cd2e8fb92f3f2898039dfb,114,https://storage.googleapis.com/google-code-archive/v2/code.google.com/closure-compiler/issues/issue-114.json
105,8e121a1fe0cea18df772320da1b663a6d663a0e8,113a08f59e8116fb11a7d4ceb11d5bb09b74ac3c,106,https://storage.googleapis.com/google-code-archive/v2/code.google.com/closure-compiler/issues/issue-106.json
107,aae547f4d911dfbf42ca5a31aeb401ac83725a14,49e9565febba904484396e2aef7dbe86f55e9cc5,1135,https://storage.googleapis.com/google-code-archive/v2/code.google.com/closure-compiler/issues/issue-1135.json
109,bb893266036cbc7f0b434794d4fd9306513357be,7d26b7bcae8311f3c032bae3f1df27b590a4c174,1105,https://storage.googleapis.com/google-code-archive/v2/code.google.com/closure-compiler/issues/issue-1105.json
111,450f0f6ef5d9b1bea2bc556e6029fa4f2f8554a2,6f981f77e5bd9e2eecbd851a2a02933cdb9af0d8,1114,https://storage.googleapis.com/google-code-archive/v2/code.google.com/closure-compiler/issues/issue-1114.json
112,fb0f2fd881cd00766b90d78072ea9ab30e5d7da7,b168c8822b2d3d12515ec6477812674c8805bcf3,1058,https://storage.googleapis.com/google-code-archive/v2/code.google.com/closure-compiler/issues/issue-1058.json
113,fa1e469dde0bdfd6978a3266db7803b8d39d1d69,0fb76a81bbdd8ab84a00b8be2099abfb83c88668,1079,https://storage.googleapis.com/google-code-archive/v2/code.google.com/closure-compiler/issues/issue-1079.json
114,a44af4540d0f2bf5fc5ecd0a34c9fea656ee574c,5f03c6817341d39d8dead76c7511fd6bb0b9009f,1085,https://storage.googleapis.com/google-code-archive/v2/code.google.com/closure-compiler/issues/issue-1085.json
115,2d6e1c78f41248fbbb1eec43b23e7430e2bc7885,4597738e8898f738c1f969fe90479728be81cc80,1101,https://storage.googleapis.com/google-code-archive/v2/code.google.com/closure-compiler/issues/issue-1101.json
116,b9262dcd42d1b8f53c2a974c182feba2899dc74c,b80dfd3b0e5e4b490b7afb469320d18bac4520b4,1101,https://storage.googleapis.com/google-code-archive/v2/code.google.com/closure-compiler/issues/issue-1101.json
117,6c43134465d961e19098964c6be69bf48fe8e860,871bca1f36c5c06aa880ce21429da63a76f8f6e9,1047,https://storage.googleapis.com/google-code-archive/v2/code.google.com/closure-compiler/issues/issue-1047.json
118,046e0b226e963bc584c2a6cd3c2b471777c5cc53,f17961ae4d3d7cf5ea291d82804239982d009ef7,1024,https://storage.googleapis.com/google-code-archive/v2/code.google.com/closure-compiler/issues/issue-1024.json
119,3e0d176234636b3dfba0a3060b18488c6752ae8c,046e0b226e963bc584c2a6cd3c2b471777c5cc53,1070,https://storage.googleapis.com/google-code-archive/v2/code.google.com/closure-compiler/issues/issue-1070.json
120,9f890320310e8ecb8dd2b6dc043eb24d8b0a25c6,0123fd5303c85d0d26add64aa2e19fee33f73aaa,1053,https://storage.googleapis.com/google-code-archive/v2/code.google.com/closure-compiler/issues/issue-1053.json
121,1af41ab430be090a9a6177648b18c1ff9fb88c3f,2aee36e667526ff8b0b5e6dad66506acee920ea6,1053,https://storage.googleapis.com/google-code-archive/v2/code.google.com/closure-compiler/issues/issue-1053.json
122,f22a0e8b289e8ed26f04ea0d3af3612b6e15414a,a8a456b183c9600658bcb0c72091bae1a30a4fda,1037,https://storage.googleapis.com/google-code-archive/v2/code.google.com/closure-compiler/issues/issue-1037.json
123,60dac870c77b5de63d981f4be40106fe1c87b7d1,8d11b8cc7a6183222b61c9bd398fed5448c59109,1033,https://storage.googleapis.com/google-code-archive/v2/code.google.com/closure-compiler/issues/issue-1033.json
124,95ff0484a76d60d30145f4e3da4bf9b517029361,e7f4269d0289f4d47217207ec456219db8efe47c,1017,https://storage.googleapis.com/google-code-archive/v2/code.google.com/closure-compiler/issues/issue-1017.json
125,ddc1299802e88b9814250c369e3fe6f7ee07d4e5,8cef00180a5cf67d047919c89668a6405030dbab,1002,https://storage.googleapis.com/google-code-archive/v2/code.google.com/closure-compiler/issues/issue-1002.json
126,211dc0161ae737f59cac22f30b048d56a059d14b,bd2803b6d9ab600906b262ae51cb3591160b5f3c,936,https://storage.googleapis.com/google-code-archive/v2/code.google.com/closure-compiler/issues/issue-936.json
128,79a8906570f44e5f519282bd32595985ed089aed,d82fb38b0121bf690cea58df293185c7e91ded9c,942,https://storage.googleapis.com/google-code-archive/v2/code.google.com/closure-compiler/issues/issue-942.json
129,4ff5d0b989360d785c63978faf8eed6284e030e1,79a8906570f44e5f519282bd32595985ed089aed,937,https://storage.googleapis.com/google-code-archive/v2/code.google.com/closure-compiler/issues/issue-937.json
130,8a37f1089f62deaebc29fe5c8a22f48d04a6c8b1,9fac3ccd2fa9e6137584f079db1a6f5962a65cf4,931,https://storage.googleapis.com/google-code-archive/v2/code.google.com/closure-compiler/issues/issue-931.json
131,602dc3845e92d39a0701396666635ccc4a321599,7f6700e2b54af3af409f3e8851a0d98a72beef4b,921,https://storage.googleapis.com/google-code-archive/v2/code.google.com/closure-compiler/issues/issue-921.json
132,f5a77bb416ab2223fda83de118da1007e5962498,5b9485903b5e7d926f49dc91b915a256df92591c,925,https://storage.googleapis.com/google-code-archive/v2/code.google.com/closure-compiler/issues/issue-925.json
133,c5e6df9c0f84de1eee287d530ef8721c05e9cf14,4fbbc47cb18f241b23dd2d4bf9c15d45b2473523,919,https://storage.googleapis.com/google-code-archive/v2/code.google.com/closure-compiler/issues/issue-919.json
145,b1ffe42efdaaf0266b4ba10e05de124a885cf979,dff6e0114f19c20aeb63393d67aa0880ff5745b5,190,https://storage.googleapis.com/google-code-archive/v2/code.google.com/closure-compiler/issues/issue-190.json
146,8d53308bb1d34c16af002ce5fe46cf0ae6c38128,35d56dd1fadec0ed50797d222de4e05f78bbf1c9,172,https://storage.googleapis.com/google-code-archive/v2/code.google.com/closure-compiler/issues/issue-172.json
150,07dd3707c1a61ff21de3f7a7f15585bbb5f70573,bf8fc4533884f914182f861576808e71c18410cc,61,https://storage.googleapis.com/google-code-archive/v2/code.google.com/closure-compiler/issues/issue-61.json
152,08fc2551ca3c811a02407d593b6ae39d2439a88c,de491e70b971caca03f07531c2caf97b878cd1ff,268,https://storage.googleapis.com/google-code-archive/v2/code.google.com/closure-compiler/issues/issue-268.json
159,303a90a0e1fea556eec005e8b0934e87045810a3,a4f32ed8acef2880288fe9559f8c60fba444bbe3,423,https://storage.googleapis.com/google-code-archive/v2/code.google.com/closure-compiler/issues/issue-423.json
160,d5dad765e6cbdf512f80a1331e08d3e54baea3fa,29312d9f6d01e6c1fce4da0a644881c83864549f,467,https://storage.googleapis.com/google-code-archive/v2/code.google.com/closure-compiler/issues/issue-467.json
161,dffa868e080b54544e05b96c81dceef522439180,89441fcc27e2d7f36d7b2f3990bbc894235bb5b4,522,https://storage.googleapis.com/google-code-archive/v2/code.google.com/closure-compiler/issues/issue-522.json
164,32f4884ca5aa648d48d988d8d7dada88212d6dbe,e414f154d5c4dae483f251ebeb2d9ef598aaa0f6,634,https://storage.googleapis.com/google-code-archive/v2/code.google.com/closure-compiler/issues/issue-634.json
166,4f663a93dcdc8130cf92c3ad31ce8a8ac1fd0804,8d58355140bfdfbfc85c4629b90ed1d78225b520,785,https://storage.googleapis.com/google-code-archive/v2/code.google.com/closure-compiler/issues/issue-785.json
168,d06ac163013a3779fcec7c2f544ba99d08f69f58,b675d1da9d5f8b36849db4943f580969105901a4,726,https://storage.googleapis.com/google-code-archive/v2/code.google.com/closure-compiler/issues/issue-726.json
172,a8a456b183c9600658bcb0c72091bae1a30a4fda,ce86cc8e460060e1280f365f22ccd5c375e2f5ed,1042,https://storage.googleapis.com/google-code-archive/v2/code.google.com/closure-compiler/issues/issue-1042.json
176,d6eebf3357f6f06b44cefbe55aabeab5bf25216e,aeed47f424d93d9ff82e0782fca53259829362b1,1056,https://storage.googleapis.com/google-code-archive/v2/code.google.com/closure-compiler/issues/issue-1056.json
